CodeName;code_18;colorpal
Continuous urban fabric;111;#e6004d
Discontinuous urban fabric;112;#ff0000
Industrial or commercial units;121;#cc4df2
Road and rail networks and associated land;122;#cc0000
Port areas;123;#e6cccc
Airports;124;#e6cce6
Mineral extraction sites;131;#a600cc
Dump sites;132;#a64d00
Construction sites;133;#ff4dff
Green urban areas;141;#ffa6ff
Sport and leisure facilities;142;#ffe6ff
Non-irrigated arable land;211;#ffffa8
Fruit trees and berry plantations;222;#f2a64d
Pastures;231;#e6e64d
Complex cultivation patterns;242;#ffe64d
Land principally occupied by agriculture, with significant areas of natural vegetation;243;#e6cc4d
Broad-leaved forest;311;#80ff00
Coniferous forest;312;#00a600
Mixed forest;313;#4dff00
Natural grasslands;321;#ccf24d
Moors and heathland;322;#a6ff80
Transitional woodland-shrub;324;#a6f200
Beaches, dunes, sands;331;#e6e6e6
Burnt areas;334;#000000
Inland marshes;411;#a6a6ff
Peat bogs;412;#4d4dff
Salt marshes;421;#ccccff
Intertidal flats;423;#a6a6e6
Water bodies;512;#80f2e6
Coastal lagoons;521;#00ffa6
Sea and ocean;523;#e6f2ff
